[
{
  "model": "issue_tracker.status",
  "pk": 1,
  "fields": {
    "status_name": "New"
  }
},
{
  "model": "issue_tracker.status",
  "pk": 2,
  "fields": {
    "status_name": "In Progress"
  }
},
{
  "model": "issue_tracker.status",
  "pk": 3,
  "fields": {
    "status_name": "Done"
  }
},
{
  "model": "issue_tracker.type",
  "pk": 1,
  "fields": {
    "type_name": "Task"
  }
},
{
  "model": "issue_tracker.type",
  "pk": 2,
  "fields": {
    "type_name": "Bug"
  }
},
{
  "model": "issue_tracker.type",
  "pk": 3,
  "fields": {
    "type_name": "Enhancement"
  }
},
{
  "model": "issue_tracker.project",
  "pk": 2,
  "fields": {
    "name": "Issue Tracker",
    "description": "Django project Issue Tracker",
    "start_date": "2023-01-01",
    "end_date": null,
    "is_deleted": false,
    "user": [
      1
    ]
  }
},
{
  "model": "issue_tracker.project",
  "pk": 3,
  "fields": {
    "name": "Mobile",
    "description": "Hello world",
    "start_date": "2021-02-03",
    "end_date": "2026-02-03",
    "is_deleted": false,
    "user": []
  }
},
{
  "model": "issue_tracker.project",
  "pk": 4,
  "fields": {
    "name": "Heloo",
    "description": "fdhdgfh",
    "start_date": "2023-11-02",
    "end_date": null,
    "is_deleted": false,
    "user": []
  }
},
{
  "model": "issue_tracker.project",
  "pk": 5,
  "fields": {
    "name": "Heloo",
    "description": "fdhdgfh",
    "start_date": "2023-11-02",
    "end_date": "2026-02-03",
    "is_deleted": false,
    "user": []
  }
},
{
  "model": "issue_tracker.project",
  "pk": 6,
  "fields": {
    "name": "Miisadgfd",
    "description": "fgdjgfhjfg",
    "start_date": "2023-11-02",
    "end_date": "2026-02-03",
    "is_deleted": false,
    "user": []
  }
},
{
  "model": "issue_tracker.project",
  "pk": 7,
  "fields": {
    "name": "dhd",
    "description": "ygkfgkjh",
    "start_date": "2023-11-02",
    "end_date": "2026-02-03",
    "is_deleted": false,
    "user": []
  }
},
{
  "model": "issue_tracker.project",
  "pk": 8,
  "fields": {
    "name": "dafvcbmdjytrghkf",
    "description": "fdshgfjfgh",
    "start_date": "2023-11-02",
    "end_date": "2026-02-03",
    "is_deleted": true,
    "user": []
  }
},
{
  "model": "issue_tracker.project",
  "pk": 9,
  "fields": {
    "name": "dsfhg",
    "description": "fgdjhgf",
    "start_date": "2023-11-02",
    "end_date": null,
    "is_deleted": false,
    "user": []
  }
},
{
  "model": "issue_tracker.project",
  "pk": 10,
  "fields": {
    "name": "Hello world",
    "description": "Hello",
    "start_date": "2023-11-05",
    "end_date": null,
    "is_deleted": false,
    "user": [
      1
    ]
  }
},
{
  "model": "issue_tracker.project",
  "pk": 11,
  "fields": {
    "name": "Heeellldasd",
    "description": "fhgfdhdfjgfh",
    "start_date": "2020-11-02",
    "end_date": null,
    "is_deleted": false,
    "user": [
      1,
      3,
      4,
      5
    ]
  }
},
{
  "model": "issue_tracker.issue",
  "pk": 1,
  "fields": {
    "summary": "Adding random user selection functionality",
    "description": "Hello World Main",
    "status": 1,
    "created_at": "2023-03-03T10:04:06.448Z",
    "updated_at": "2023-03-10T11:00:13.686Z",
    "project": 2,
    "type": [
      1
    ]
  }
},
{
  "model": "issue_tracker.issue",
  "pk": 2,
  "fields": {
    "summary": "Fix a bug in which unnecessary data is displayed",
    "description": "Advertisers study how people learn so that they can 'teach' them to respond to their advertising. They want us to be interested, to try something, and then to do it again. These are the elements of learning: interest, experience and repetition.",
    "status": 3,
    "created_at": "2023-03-03T10:06:07.270Z",
    "updated_at": "2023-03-03T11:23:10.071Z",
    "project": 2,
    "type": [
      3
    ]
  }
},
{
  "model": "issue_tracker.issue",
  "pk": 4,
  "fields": {
    "summary": "Styling the home page",
    "description": "",
    "status": 2,
    "created_at": "2023-03-03T10:06:33.754Z",
    "updated_at": "2023-03-03T11:43:51.927Z",
    "project": 2,
    "type": [
      3
    ]
  }
},
{
  "model": "issue_tracker.issue",
  "pk": 5,
  "fields": {
    "summary": "Add new statuses for tasks",
    "description": "Advertisers study how people learn so that they can 'teach' them to respond to their advertising. They want us to be interested, to try something, and then to do it again. These are the elements of learning: interest, experience and repetition.",
    "status": 3,
    "created_at": "2023-03-03T10:06:49.849Z",
    "updated_at": "2023-03-03T10:06:49.849Z",
    "project": 2,
    "type": [
      1
    ]
  }
},
{
  "model": "issue_tracker.issue",
  "pk": 12,
  "fields": {
    "summary": "Summery",
    "description": "Summery",
    "status": 1,
    "created_at": "2023-03-03T13:38:12.638Z",
    "updated_at": "2023-03-07T04:21:17.189Z",
    "project": 2,
    "type": [
      1
    ]
  }
},
{
  "model": "issue_tracker.issue",
  "pk": 15,
  "fields": {
    "summary": "Make a logo rebranding",
    "description": "Issue Tracker rebranding",
    "status": 1,
    "created_at": "2023-03-07T04:24:40.976Z",
    "updated_at": "2023-03-07T04:24:40.976Z",
    "project": 2,
    "type": [
      1
    ]
  }
},
{
  "model": "issue_tracker.issue",
  "pk": 16,
  "fields": {
    "summary": "The function of correspondence with other developers",
    "description": "Chat",
    "status": 3,
    "created_at": "2023-03-07T04:27:37.703Z",
    "updated_at": "2023-03-07T04:27:37.703Z",
    "project": 2,
    "type": [
      1
    ]
  }
},
{
  "model": "issue_tracker.issue",
  "pk": 17,
  "fields": {
    "summary": "Fix bug of pressed button",
    "description": "",
    "status": 2,
    "created_at": "2023-03-07T04:29:53.943Z",
    "updated_at": "2023-03-07T04:29:53.943Z",
    "project": 2,
    "type": [
      2
    ]
  }
},
{
  "model": "issue_tracker.issue",
  "pk": 18,
  "fields": {
    "summary": "Fly to America",
    "description": "Fly to America to sign a contract.",
    "status": 2,
    "created_at": "2023-03-07T12:12:06.305Z",
    "updated_at": "2023-03-10T05:55:43.100Z",
    "project": 2,
    "type": [
      3
    ]
  }
},
{
  "model": "issue_tracker.issue",
  "pk": 20,
  "fields": {
    "summary": "Create a new server in Kazakhstan",
    "description": "Create a new server in Kazakhstan",
    "status": 2,
    "created_at": "2023-03-07T12:14:32.345Z",
    "updated_at": "2023-03-10T11:08:13.349Z",
    "project": 2,
    "type": [
      1
    ]
  }
},
{
  "model": "issue_tracker.issue",
  "pk": 21,
  "fields": {
    "summary": "Improve the appearance of the site",
    "description": "",
    "status": 2,
    "created_at": "2023-03-07T12:15:28.672Z",
    "updated_at": "2023-03-07T12:15:28.672Z",
    "project": 2,
    "type": [
      3
    ]
  }
},
{
  "model": "issue_tracker.issue",
  "pk": 22,
  "fields": {
    "summary": "Create a new comment table",
    "description": "Create a new comment table for clients.",
    "status": 3,
    "created_at": "2023-03-07T12:16:30.125Z",
    "updated_at": "2023-03-07T12:18:42.033Z",
    "project": 2,
    "type": [
      1
    ]
  }
},
{
  "model": "issue_tracker.issue",
  "pk": 23,
  "fields": {
    "summary": "Create a new comment page",
    "description": "Create a new comment page",
    "status": 2,
    "created_at": "2023-03-07T12:17:23.364Z",
    "updated_at": "2023-03-07T12:19:21.187Z",
    "project": 2,
    "type": [
      1
    ]
  }
},
{
  "model": "issue_tracker.issue",
  "pk": 24,
  "fields": {
    "summary": "Make the appearance of the page with comments more simple and convenient",
    "description": "Make the appearance of the page with comments more simple and convenient",
    "status": 1,
    "created_at": "2023-03-07T12:18:10.206Z",
    "updated_at": "2023-03-07T12:19:03.670Z",
    "project": 2,
    "type": [
      3
    ]
  }
},
{
  "model": "issue_tracker.issue",
  "pk": 37,
  "fields": {
    "summary": "Sumsung create",
    "description": "",
    "status": 1,
    "created_at": "2023-03-10T11:38:00.359Z",
    "updated_at": "2023-03-10T11:38:00.359Z",
    "project": 2,
    "type": [
      1
    ]
  }
},
{
  "model": "issue_tracker.issue",
  "pk": 38,
  "fields": {
    "summary": "Hello World",
    "description": "sddfshs",
    "status": 2,
    "created_at": "2023-03-10T11:39:07.437Z",
    "updated_at": "2023-03-10T11:39:07.437Z",
    "project": 2,
    "type": [
      3
    ]
  }
},
{
  "model": "issue_tracker.issue",
  "pk": 39,
  "fields": {
    "summary": "Ali",
    "description": "fsdhgf",
    "status": 1,
    "created_at": "2023-03-10T11:46:44.480Z",
    "updated_at": "2023-03-10T11:46:44.480Z",
    "project": 2,
    "type": [
      1
    ]
  }
},
{
  "model": "issue_tracker.issue",
  "pk": 40,
  "fields": {
    "summary": "Ali",
    "description": "fsdhgf",
    "status": 1,
    "created_at": "2023-03-10T11:47:55.743Z",
    "updated_at": "2023-03-10T11:47:55.743Z",
    "project": 2,
    "type": [
      2
    ]
  }
},
{
  "model": "issue_tracker.issue",
  "pk": 41,
  "fields": {
    "summary": "sdfghgdf",
    "description": "gfsjdghjf",
    "status": 1,
    "created_at": "2023-03-10T11:52:56.577Z",
    "updated_at": "2023-03-10T11:52:56.577Z",
    "project": 2,
    "type": [
      1
    ]
  }
},
{
  "model": "issue_tracker.issue",
  "pk": 42,
  "fields": {
    "summary": "gfdjhgjkfgh",
    "description": "fhgkhjkg",
    "status": 1,
    "created_at": "2023-03-10T11:53:33.577Z",
    "updated_at": "2023-03-10T11:53:33.577Z",
    "project": 2,
    "type": [
      1
    ]
  }
},
{
  "model": "issue_tracker.issue",
  "pk": 43,
  "fields": {
    "summary": "dfhsgdfjhfg",
    "description": "fghkfhjkghj",
    "status": 1,
    "created_at": "2023-03-10T11:54:36.872Z",
    "updated_at": "2023-03-10T11:54:36.872Z",
    "project": 2,
    "type": [
      2
    ]
  }
},
{
  "model": "issue_tracker.issue",
  "pk": 44,
  "fields": {
    "summary": "dfhsdgfjhf",
    "description": "hgkhjgkgjh",
    "status": 1,
    "created_at": "2023-03-10T11:55:38.912Z",
    "updated_at": "2023-03-10T11:55:38.912Z",
    "project": 2,
    "type": [
      2
    ]
  }
},
{
  "model": "issue_tracker.issue",
  "pk": 47,
  "fields": {
    "summary": "dshgdfgj",
    "description": "hgkfhjgkgjhl",
    "status": 1,
    "created_at": "2023-03-10T11:57:04.604Z",
    "updated_at": "2023-03-10T11:57:04.612Z",
    "project": 3,
    "type": [
      2
    ]
  }
},
{
  "model": "issue_tracker.issue",
  "pk": 48,
  "fields": {
    "summary": "fdsgjdgfhjhf",
    "description": "fhkyjufhgk",
    "status": 2,
    "created_at": "2023-03-10T11:57:44.172Z",
    "updated_at": "2023-03-10T11:57:44.180Z",
    "project": 3,
    "type": [
      3
    ]
  }
},
{
  "model": "issue_tracker.issue",
  "pk": 50,
  "fields": {
    "summary": "gfhjgfjh",
    "description": "ghkfgkgjh",
    "status": 2,
    "created_at": "2023-03-10T12:01:19.390Z",
    "updated_at": "2023-03-10T12:01:19.400Z",
    "project": 3,
    "type": [
      2
    ]
  }
},
{
  "model": "issue_tracker.issue",
  "pk": 52,
  "fields": {
    "summary": "gdfjhgfdjgdf",
    "description": "ghfjgfhjhdgf",
    "status": 1,
    "created_at": "2023-03-10T12:04:10.917Z",
    "updated_at": "2023-03-10T12:07:18.752Z",
    "project": 3,
    "type": [
      3
    ]
  }
},
{
  "model": "issue_tracker.issue",
  "pk": 53,
  "fields": {
    "summary": "fdhsdfghdgfjhg",
    "description": "hgfkhgjkghj",
    "status": 1,
    "created_at": "2023-03-10T12:04:58.838Z",
    "updated_at": "2023-03-10T12:04:58.848Z",
    "project": 3,
    "type": [
      2
    ]
  }
},
{
  "model": "issue_tracker.issue",
  "pk": 54,
  "fields": {
    "summary": "HEllo world",
    "description": "gfghfjghfkghkjh",
    "status": 2,
    "created_at": "2023-03-10T12:05:58.196Z",
    "updated_at": "2023-03-10T12:07:34.958Z",
    "project": 3,
    "type": [
      2
    ]
  }
},
{
  "model": "issue_tracker.issue",
  "pk": 55,
  "fields": {
    "summary": "Hello Worldsas",
    "description": "sdahfdshgf",
    "status": 1,
    "created_at": "2023-03-17T09:09:41.917Z",
    "updated_at": "2023-03-17T09:10:46.085Z",
    "project": 2,
    "type": [
      2
    ]
  }
},
{
  "model": "issue_tracker.issue",
  "pk": 56,
  "fields": {
    "summary": "whtdsgf",
    "description": "ghkjhkf",
    "status": 1,
    "created_at": "2023-03-17T09:12:26.029Z",
    "updated_at": "2023-03-17T09:12:26.038Z",
    "project": 2,
    "type": [
      1
    ]
  }
},
{
  "model": "issue_tracker.issue",
  "pk": 57,
  "fields": {
    "summary": "whtdsgf",
    "description": "ghkjhkf",
    "status": 1,
    "created_at": "2023-03-17T09:14:31.056Z",
    "updated_at": "2023-03-17T09:14:31.065Z",
    "project": 2,
    "type": [
      1
    ]
  }
},
{
  "model": "issue_tracker.issue",
  "pk": 58,
  "fields": {
    "summary": "whtdsgf",
    "description": "ghkjhkf",
    "status": 1,
    "created_at": "2023-03-17T09:14:32.895Z",
    "updated_at": "2023-03-17T09:14:32.911Z",
    "project": 2,
    "type": [
      1
    ]
  }
},
{
  "model": "issue_tracker.issue",
  "pk": 59,
  "fields": {
    "summary": "adsg",
    "description": "dfdsh",
    "status": 2,
    "created_at": "2023-03-17T09:17:52.308Z",
    "updated_at": "2023-03-17T09:17:52.317Z",
    "project": 2,
    "type": [
      1
    ]
  }
},
{
  "model": "issue_tracker.issue",
  "pk": 60,
  "fields": {
    "summary": "agsfdadsg",
    "description": "dfdsh",
    "status": 2,
    "created_at": "2023-03-17T09:21:24.041Z",
    "updated_at": "2023-03-17T09:21:24.046Z",
    "project": 2,
    "type": [
      1
    ]
  }
},
{
  "model": "issue_tracker.issue",
  "pk": 61,
  "fields": {
    "summary": "agsfdadsgadfa",
    "description": "dfdsh",
    "status": 2,
    "created_at": "2023-03-17T09:22:12.102Z",
    "updated_at": "2023-03-17T09:22:12.112Z",
    "project": 2,
    "type": [
      1
    ]
  }
},
{
  "model": "issue_tracker.issue",
  "pk": 62,
  "fields": {
    "summary": "agsfdadsgadfadfshdgf",
    "description": "dfdsh",
    "status": 2,
    "created_at": "2023-03-17T09:22:44.495Z",
    "updated_at": "2023-03-17T09:22:44.495Z",
    "project": 2,
    "type": [
      1
    ]
  }
},
{
  "model": "issue_tracker.issue",
  "pk": 63,
  "fields": {
    "summary": "fgjhg",
    "description": "fhgkjhg",
    "status": 1,
    "created_at": "2023-03-17T09:25:30.480Z",
    "updated_at": "2023-03-17T09:25:30.490Z",
    "project": 9,
    "type": [
      2
    ]
  }
},
{
  "model": "issue_tracker.issue",
  "pk": 64,
  "fields": {
    "summary": "asgfd",
    "description": "fdgj",
    "status": 1,
    "created_at": "2023-03-17T09:26:47.499Z",
    "updated_at": "2023-03-17T09:26:47.507Z",
    "project": 9,
    "type": [
      2
    ]
  }
},
{
  "model": "issue_tracker.issue",
  "pk": 65,
  "fields": {
    "summary": "asgfdsadfas",
    "description": "fdgj",
    "status": 1,
    "created_at": "2023-03-17T09:27:03.270Z",
    "updated_at": "2023-03-17T09:27:03.281Z",
    "project": 9,
    "type": [
      2
    ]
  }
},
{
  "model": "issue_tracker.issue",
  "pk": 66,
  "fields": {
    "summary": "asgfdsadfasfgdh",
    "description": "fdgjdsag",
    "status": 1,
    "created_at": "2023-03-17T09:31:51.559Z",
    "updated_at": "2023-03-17T09:31:51.567Z",
    "project": 2,
    "type": [
      2
    ]
  }
},
{
  "model": "issue_tracker.issue",
  "pk": 67,
  "fields": {
    "summary": "hgfjhgk",
    "description": "jhlhkj;",
    "status": 1,
    "created_at": "2023-03-17T09:37:03.451Z",
    "updated_at": "2023-03-17T09:37:03.455Z",
    "project": 2,
    "type": []
  }
},
{
  "model": "issue_tracker.issue",
  "pk": 68,
  "fields": {
    "summary": "dadhfsgjtyj",
    "description": "tyuky,hkj",
    "status": 1,
    "created_at": "2023-03-17T09:37:22.548Z",
    "updated_at": "2023-03-17T09:37:22.553Z",
    "project": 2,
    "type": [
      1
    ]
  }
},
{
  "model": "issue_tracker.issue",
  "pk": 69,
  "fields": {
    "summary": "alibbb",
    "description": "dsfjgdf",
    "status": 1,
    "created_at": "2023-03-17T09:37:54.137Z",
    "updated_at": "2023-03-17T09:37:54.144Z",
    "project": 2,
    "type": [
      1
    ]
  }
},
{
  "model": "issue_tracker.issue",
  "pk": 70,
  "fields": {
    "summary": "gfhjdhfgkg",
    "description": "gjkhlhjk",
    "status": 1,
    "created_at": "2023-03-17T09:38:46.492Z",
    "updated_at": "2023-03-17T09:38:46.501Z",
    "project": 9,
    "type": [
      2
    ]
  }
},
{
  "model": "issue_tracker.issue",
  "pk": 72,
  "fields": {
    "summary": "Hello World",
    "description": "adasf",
    "status": 1,
    "created_at": "2023-03-21T12:08:17.411Z",
    "updated_at": "2023-03-21T12:08:17.419Z",
    "project": 11,
    "type": [
      2
    ]
  }
}
]
